<application>
  <component name="libraryTable">
    <library name="Python 3.7 interpreter library">
      <CLASSES>
        <root url="file://D:/programms/sdk/Python37_64/DLLs" />
        <root url="file://D:/programms/sdk/Python37_64/Lib" />
        <root url="file://D:/programms/sdk/Python37_64" />
        <root url="file://D:/programms/sdk/Python37_64/Lib/site-packages" />
        <root url="file://$USER_HOME$/AppData/Local/JetBrains/IdeaIC2020.2/python_stubs/1518153157" />
        <root url="file://$APPLICATION_PLUGINS_DIR$/python-ce/helpers/python-skeletons" />
        <root url="file://$APPLICATION_PLUGINS_DIR$/python-ce/helpers/typeshed/stdlib/3.7" />
        <root url="file://$APPLICATION_PLUGINS_DIR$/python-ce/helpers/typeshed/stdlib/3" />
        <root url="file://$APPLICATION_PLUGINS_DIR$/python-ce/helpers/typeshed/stdlib/2and3" />
        <root url="file://$APPLICATION_PLUGINS_DIR$/python-ce/helpers/typeshed/third_party/3" />
        <root url="file://$APPLICATION_PLUGINS_DIR$/python-ce/helpers/typeshed/third_party/2and3" />
      </CLASSES>
      <JAVADOC />
      <SOURCES>
        <root url="file://D:/programms/sdk/Python37_64/DLLs" />
        <root url="file://D:/programms/sdk/Python37_64/Lib" />
        <root url="file://D:/programms/sdk/Python37_64" />
        <root url="file://D:/programms/sdk/Python37_64/Lib/site-packages" />
        <root url="file://$USER_HOME$/AppData/Local/JetBrains/IdeaIC2020.2/python_stubs/1518153157" />
        <root url="file://$APPLICATION_PLUGINS_DIR$/python-ce/helpers/python-skeletons" />
        <root url="file://$APPLICATION_PLUGINS_DIR$/python-ce/helpers/typeshed/stdlib/3.7" />
        <root url="file://$APPLICATION_PLUGINS_DIR$/python-ce/helpers/typeshed/stdlib/3" />
        <root url="file://$APPLICATION_PLUGINS_DIR$/python-ce/helpers/typeshed/stdlib/2and3" />
        <root url="file://$APPLICATION_PLUGINS_DIR$/python-ce/helpers/typeshed/third_party/3" />
        <root url="file://$APPLICATION_PLUGINS_DIR$/python-ce/helpers/typeshed/third_party/2and3" />
      </SOURCES>
    </library>
  </component>
</application>