<application>
  <component name="FileTypeManager" version="18">
    <extensionMap>
      <mapping ext="gradle.kts" type="Kotlin" />
      <mapping ext="main.kts" type="Kotlin" />
      <mapping ext="exe" type="Native" />
      <mapping pattern="f" type="PLAIN_TEXT" />
      <mapping pattern="outPutResults.txt" type="PLAIN_TEXT" />
      <mapping pattern="AddbookJson.jsp" type="PLAIN_TEXT" />
      <mapping pattern="modules" type="PLAIN_TEXT" />
      <mapping pattern="logs.log" type="PLAIN_TEXT" />
      <mapping pattern="kafka-logs.txt" type="PLAIN_TEXT" />
      <mapping ext="feature" type="PLAIN_TEXT" />
      <mapping ext="db" type="PLAIN_TEXT" />
      <removed_mapping ext="feature" approved="true" type="Native" />
      <mapping ext="db" type="DBN-SQL" />
    </extensionMap>
  </component>
</application>