<application>
  <component name="StudioSettings">
    <option name="generalSettings">
      <GeneralSettings>
        <option name="enableInternalFeatures" value="false" />
        <option name="macAddress" value="30-9C-23-AA-67-3C" />
      </GeneralSettings>
    </option>
    <option name="sdkSettings">
      <SdkSettings>
        <option name="allSdks">
          <list>
            <SdkInfo>
              <option name="sdkType" value="ODPS_CMD" />
              <option name="version" value="0.34.1-public" />
              <option name="installedLocation" value="C:\Users\Roma\.IdeaIC2019.2\config\plugins\odps-studio-intellij\odpscmd_public" />
              <option name="isDefault" value="true" />
            </SdkInfo>
          </list>
        </option>
      </SdkSettings>
    </option>
    <option name="webEngineSettings">
      <WebEngineSettings>
        <option name="nativePath" value="C:\Users\Roma/.IdeaIC2019.2/system\studio_cef_native" />
        <option name="version" value="1.0.0" />
        <option name="engineType" value="WEBVIEW" />
      </WebEngineSettings>
    </option>
  </component>
</application>